title,feed_name,link,hit_probability,expected_points,recommendation
"LLM predictions for 2026, shared with Oxide and Friends",Simon Willison's Weblog,https://simonwillison.net/2026/Jan/8/llm-predictions-for-2026/#atom-everything,0.8735837803566828,91.79999055127422,Excellent
How Google Got Its Groove Back and Edged Ahead of OpenAI,Simon Willison's Weblog,https://simonwillison.net/2026/Jan/8/how-google-got-its-groove-back/#atom-everything,0.8387876536389964,81.35916786062889,Excellent
Cas12a3 CRISPR System Targets tRNA Without Destroying Host Cell,GEN – Genetic Engineering and Biotechnology News,https://www.genengnews.com/topics/genome-editing/cas12a3-crispr-system-targets-trna-without-destroying-host-cell/,0.8142557576980672,66.5154772671922,Excellent
Largest NHS Liver Study Targets Early Disease Detection,Medscape Medical News Headlines,https://www.medscape.com/viewarticle/largest-nhs-liver-study-targets-early-disease-detection-2026a10000ml?src=rss,0.7720916657053561,61.00622115626582,Excellent
Drive 1024×600 Pixels via I2C with an ATtiny85,Blog – Hackaday,https://hackaday.com/2026/01/08/drive-1024x600-pixels-via-i2c-with-an-attiny85/,0.750047721105662,52.38198604049754,Excellent
Cardiac Transplant Not Tied to Poor Kidney Surgery Outcomes,Medscape Medical News Headlines,https://www.medscape.com/viewarticle/cardiac-transplant-not-tied-poor-kidney-surgery-outcomes-2026a10000bv?src=rss,0.737987401121081,50.186787950244494,Excellent
Servier launches VC unit focused on European biotech startups,Endpoints News,https://endpoints.news/servier-launches-vc-unit-focused-on-european-biotech-startups/,0.7285880227858746,53.452167869335995,Excellent
"New comment by kentonv in ""The Jeff Dean Facts""",Hacker News: Best Comments,https://news.ycombinator.com/item?id=46541625,0.7009538858791846,48.251597196084084,Excellent
Wholesale Used Car Prices Increased Slightly in December; Up 0.4% Year-over-year,Calculated Risk,http://www.calculatedriskblog.com/2026/01/wholesale-used-car-prices-increased.html,0.6861787719372636,39.176414679733874,Good
Intel Launches Core Ultra Series 3 Mobile Processors – Panther Lake Roars to Life,ServeTheHome,https://www.servethehome.com/intel-launches-core-ultra-series-3-mobile-processors-panther-lake-roars-to-life/,0.6848927847574203,52.49730406936895,Good
Dialogue Between a Developer and a Kid,Lobsters,https://riggraz.dev/dialogue-developer.html,0.6773554937178168,71.71098225848435,Good
XRP ETFs see $40M of outflows after eight-week run of inflows,"CoinDesk: Bitcoin, Ethereum, Crypto News and Price Data",https://www.coindesk.com/markets/2026/01/08/xrp-etfs-finally-see-outflows-after-record-run-that-beat-bitcoin-and-ether-inflows,0.6771809495307394,41.50850770847161,Good
Australian dollar crashes into new world order,MacroBusiness,https://www.macrobusiness.com.au/2026/01/australian-dollar-crashes-into-new-world-order/,0.676225178841573,57.41069375628569,Good
What Happened To WebAssembly,Lobsters,https://emnudge.dev/blog/what-happened-to-webassembly/,0.6731360785580212,53.02416466142484,Good
Samsung Galaxy Tab A11+ is now available for $250 and up,Liliputing,https://liliputing.com/samsung-galaxy-tab-a11-is-now-available-for-250-and-up/,0.6698569059508227,50.38869273728592,Good
"Google pushing Gemini into Gmail, but you can turn it off",The Register,https://go.theregister.com/feed/www.theregister.com/2026/01/08/google_gemini_gmail/,0.6650585529431772,65.6314219465174,Good
The HackerNoon Newsletter: CSS is Only Hard Because You’re Doing Too Much (1/8/2026),HackerNoon,https://hackernoon.com/1-8-2026-newsletter?source=rss,0.6640510354475837,57.38091002681436,Good
Stop deleting apps—get 1TB of lifetime cloud storage for 57% off,Boing Boing,https://boingboing.net/2026/01/08/stop-deleting-apps-get-1tb-of-lifetime-cloud-storage-for-57-off.html,0.6636833662046088,67.04137228959523,Good
Thursday assorted links,Marginal REVOLUTION,https://marginalrevolution.com/marginalrevolution/2026/01/thursday-assorted-links-535.html?utm_source=rss&utm_medium=rss&utm_campaign=thursday-assorted-links-535,0.6607630464608087,51.22952785449401,Good
How I program in AWK,Lobsters,https://maximullaris.com/program-in-awk.html,0.6574187623596504,53.75808328055402,Good
Obesity biotech Alveus gains $160M for push into MariTide's backyard,Endpoints News,https://endpoints.news/obesity-biotech-alveus-gains-150m-for-push-into-maritides-backyard/,0.6573171270713476,55.88721297200365,Good
ONEXGPU 3 graphics dock with Radeon RX 9070 XT GPU supports OCuLink and USB4 connections,Liliputing,https://liliputing.com/onexgpu-3-graphics-dock-with-radeon-rx-9070-xt-gpu-supports-oculink-and-usb4-connections/,0.6517922383505063,63.11540288975118,Good
Introduction to SIMD programming in pure Rust,Lobsters,https://kerkour.com/introduction-rust-simd,0.6516108461424712,66.47099343994223,Good
AOSP on a diet plan as Google halves Android code drops,The Register,https://go.theregister.com/feed/www.theregister.com/2026/01/08/google_aosp_changes/,0.6494380375087336,46.72668687257654,Good
FDA rejects Vanda’s jet lag drug following yearslong dispute,Endpoints News,https://endpoints.news/fda-rejects-vandas-jet-lag-drug-following-yearslong-dispute/,0.6400145857711299,38.03474087817622,Good
"Tiny arcade games feature classic Sega, Capcom and Namco titles",Boing Boing,https://boingboing.net/2026/01/08/tiny-arcade-games-feature-classic-sega-capcom-and-namco-titles.html,0.6356468853764208,38.207011213728045,Good
When the Beatles admitted to drugging their engineer and producer,Boing Boing,https://boingboing.net/2026/01/08/when-the-beatles-admitted-to-drugging-their-engineer-and-producer.html,0.6348281688224097,38.54434906954915,Good
Intel Wildcat Lake 6-core chips for budget devices will replace Alder Lake-N and Twin Lake (eventually),Liliputing,https://liliputing.com/intel-wildcat-lake-6-core-chips-for-budget-devices-will-replace-alder-lake-n-and-twin-lake-eventually/,0.6336708711403809,38.72689913858414,Good
French biotech Enodia gets €20.7M aided by Pfizer for protein degrader work,Endpoints News,https://endpoints.news/french-biotech-enodia-gets-e20-7m-aided-by-pfizer-for-protein-degrader-work/,0.6312206706072429,40.420913858741294,Good
Government accused of dragging its heels on deepfake law over Grok AI,BBC News,https://www.bbc.com/news/articles/cp9jxvx0zjmo?at_medium=RSS&at_campaign=rss,0.6241424895527994,59.857251892496414,Good
HHS loses bid to suspend court block on 340B rebate pilot,Endpoints News,https://endpoints.news/hhs-loses-bid-to-suspend-court-block-on-340b-rebate-pilot/,0.6224017474446857,45.40885300768375,Good
GIP Reduces Meal Peaks but Not Hypoglycaemia in T1D,Medscape Medical News Headlines,https://www.medscape.com/viewarticle/gip-reduces-meal-peaks-not-hypoglycaemia-t1d-2026a10000bx?src=rss,0.6216492619058107,52.75492469348663,Good
Why colos are city slickers and hyperscalers are country bumpkins,The Register,https://go.theregister.com/feed/www.theregister.com/2026/01/08/study_hyperscaler_colo_locations/,0.6215449109023148,39.51104954146357,Good
Trade Deficit Decreased to $29.4 Billion in October,Calculated Risk,http://www.calculatedriskblog.com/2026/01/trade-deficit-decreased-to-294-billion.html,0.6196372636381743,54.6022608129702,Good
"Happy birthday, David Bowie",Boing Boing,https://boingboing.net/2026/01/08/happy-birthday-david-bowie.html,0.6178273860755643,45.42953687103394,Good
Hidradenitis Surgery Shows Two Distinct Recurrence Patterns,Medscape Medical News Headlines,https://www.medscape.com/viewarticle/surgical-recurrence-patterns-hidradenitis-suppurativa-tunnel-2026a1000086?src=rss,0.6159009785472673,35.918966183794794,Good
The most bizarre tech announced so far at CES 2026,TechCrunch,https://techcrunch.com/2026/01/08/the-most-bizarre-tech-announced-so-far-at-ces-2026/,0.6139921633514013,42.36065923009911,Good
CISA flags actively exploited Office relic alongside fresh HPE flaw,The Register,https://go.theregister.com/feed/www.theregister.com/2026/01/08/cisa_oneview_powerpoint_bugs/,0.6137412338617131,38.01681502876884,Good
Critics pan spyware maker NSO’s transparency claims amid its push to enter US market,TechCrunch,https://techcrunch.com/2026/01/08/critics-pan-spyware-maker-nsos-transparency-claims-amid-its-push-to-enter-us-market/,0.6068880431162101,40.79679018861042,Good
December Employment Preview,Calculated Risk,http://www.calculatedriskblog.com/2026/01/december-employment-preview.html,0.6033673726354212,39.77427128108617,Good
"Bitcoin bounces to $90,500 after testing key support of $89,200","CoinDesk: Bitcoin, Ethereum, Crypto News and Price Data",https://www.coindesk.com/markets/2026/01/08/bitcoin-tests-key-support-level-of-usd89k-after-failing-to-break-trough-usd95k-earlier-in-the-week,0.6018079818389985,43.441449597330475,Good
MoonLake revives FDA push; Biotech trio to debut in Hong Kong,Endpoints News,https://endpoints.news/moonlake-revives-fda-push-biotech-trio-to-debut-in-hong-kong/,0.6002914063316934,54.61390033751363,Good
Disney+ is launching short-form videos this year,TechCrunch,https://techcrunch.com/2026/01/08/disney-is-launching-short-form-videos-this-year/,0.5987578402057512,49.7137923633804,Good
Clang Hardening Cheat Sheet - Ten Years Later,Lobsters,https://blog.quarkslab.com/clang-hardening-cheat-sheet-ten-years-later.html,0.5936888164524406,38.247978459357434,Good
Vizgen raises $48M for push in spatial biology and multiomics tools,Endpoints News,https://endpoints.news/vizgen-raises-48m-for-push-in-spatial-biology-and-multiomics-tools/,0.5935288140316486,38.70364960507264,Good
"GSK, Noetik sign cancer deal on AI virtual cell models",Endpoints News,https://endpoints.news/gsk-noetik-sign-cancer-deal-on-ai-virtual-cell-models/,0.5912318706251656,39.76530734552442,Good
OpenAI putting bandaids on bandaids as prompt injection problems keep festering,The Register,https://go.theregister.com/feed/www.theregister.com/2026/01/08/openai_chatgpt_prompt_injection/,0.5871888363880747,29.98592246671676,Good
UK regulators swarm X after Grok generated nudes from photos,The Register,https://go.theregister.com/feed/www.theregister.com/2026/01/08/uk_regulators_swarm_x_after/,0.5858327664039402,46.23918469382771,Good
Improving the Flatpak Graphics Drivers Situation,Lobsters,https://blog.sebastianwick.net/posts/flatpak-graphics-drivers/,0.5844311544471061,42.96108611640577,Good
CoinDesk 20 Performance Update: Ripple (XRP) Drops 4.5% as Nearly All Assets Decline,"CoinDesk: Bitcoin, Ethereum, Crypto News and Price Data",https://www.coindesk.com/coindesk-indices/2026/01/08/coindesk-20-performance-update-ripple-xrp-drops-4-5-as-nearly-all-assets-decline,0.5800396600551947,45.38949798285335,Good
EpiBiologics raises $107M for its protein-degrading cancer drug,BioPharma Dive - Latest News,https://www.biopharmadive.com/news/epibiologics-series-b-targeted-protein-degradation-egfr/808984/,0.5769065645161588,30.89327579250104,Good
Beacon Therapeutics adds $75M in push to succeed where J&J failed in vision treatment,Endpoints News,https://endpoints.news/beacon-therapeutics-adds-75m-in-push-to-succeed-where-jj-failed-in-vision-treatment/,0.5767832362331193,36.754366659520535,Good
California built a free tool to delete your data from 500+ data brokers at once,Boing Boing,https://boingboing.net/2026/01/08/california-built-a-free-tool-to-delete-your-data-from-500-data-brokers-at-once.html,0.5728281392148412,32.681155512617856,Good
China Drifts Closer to Its Own Lost Decade,RSSOpinion,https://www.wsj.com/opinion/china-drifts-closer-to-its-own-lost-decade-dc016a6b,0.5710768371206942,55.69431885090536,Good
Boltz raises $28M seed to build open AI models in biology,Endpoints News,https://endpoints.news/exclusive-boltz-raises-28m-seed-to-build-open-ai-models-in-biology/,0.561601469163733,36.95878197367417,Good
The Tyranny of the Complainers,Marginal REVOLUTION,https://marginalrevolution.com/marginalrevolution/2026/01/the-tyranny-of-the-complainers.html?utm_source=rss&utm_medium=rss&utm_campaign=the-tyranny-of-the-complainers,0.5609678979082088,45.77130837273975,Good
*Resurrection*,Marginal REVOLUTION,https://marginalrevolution.com/marginalrevolution/2026/01/resurrection.html?utm_source=rss&utm_medium=rss&utm_campaign=resurrection,0.5599575233556634,44.03186467293334,Good
"Parabilis, chasing ‘undruggable’ targets, nabs $305M amid VC funding blitz",BioPharma Dive - Latest News,https://www.biopharmadive.com/news/parabilis-financing-zolucatetide-beta-catenin-cancer-drug/809079/,0.5595064944644352,27.930683650788584,Good
New Dietary Guidelines: Eat More Meat and Whole-Fat Dairy,Medscape Medical News Headlines,https://www.medscape.com/viewarticle/new-dietary-guidelines-eat-more-meat-and-whole-fat-dairy-2026a10000ln?src=rss,0.5507568634753234,31.216076038777356,Good
Can Asthma Apps Help Fix NHS Care Gaps?,Medscape Medical News Headlines,https://www.medscape.com/viewarticle/can-asthma-apps-help-fix-nhs-care-gaps-2026a10000km?src=rss,0.549981023679945,36.21897648594187,Good
Behold the Prohibited Marios of Nintendo's internal illustration manual,Boing Boing,https://boingboing.net/2026/01/08/behold-the-prohibited-marios-of-nintendos-internal-illustration-manual.html,0.5483464603224804,30.267009848872974,Good
Circadian Disruption Tied to Dementia Development,Medscape Medical News Headlines,https://www.medscape.com/viewarticle/circadian-disruption-tied-dementia-development-2026a10000kv?src=rss,0.5441937590081912,36.66836456012903,Good
"Illinois health department exposed over 700,000 residents’ personal data for years",TechCrunch,https://techcrunch.com/2026/01/08/illinois-health-department-exposed-over-700000-residents-personal-data-for-years/,0.5415934746672,35.652730651406706,Good
Explore the latest: Arduino’s growing open source ecosystem,PlanetArduino,https://blog.arduino.cc/2026/01/08/explore-the-latest-arduinos-growing-open-source-ecosystem/,0.5413626094146308,46.134882508841706,Good
"CSAM on X is a choice, says politician who wanted to ban web browsers over anonymous porn",Boing Boing,https://boingboing.net/2026/01/08/csam-on-x-is-a-personal-choice-says-politician-who-wanted-to-ban-web-browsers-over-anonymous-porn.html,0.5401874658962527,57.709920703232534,Good
More Small Firms Raising Pay,RSSOpinion,https://www.wsj.com/opinion/more-small-firms-raising-pay-a44e3087,0.5364040625540716,39.672452125523044,Good
11 unreleased Boards of Canada tracks from the 1980s and 1990s,Boing Boing,https://boingboing.net/2026/01/08/11-unreleased-boards-of-canada-tracks-from-the-1980s-and-1990s.html,0.5346960267267519,50.91460417570021,Good
"""We executed one of you"": MAGA cheers ICE killing of a mother of three",Boing Boing,https://boingboing.net/2026/01/08/we-executed-one-of-you-maga-cheers-ice-killing-of-a-mother-of-three.html,0.5331154814933319,76.32416651340661,Good
Topical Treatment Shows Promise for Mild HS in Case Series,Medscape Medical News Headlines,https://www.medscape.com/viewarticle/case-series-topical-treatment-shows-promise-mild-2026a10000md?src=rss,0.5321262639532539,41.534395424556635,Good
"Weekly Initial Unemployment Claims Increase to 208,000",Calculated Risk,http://www.calculatedriskblog.com/2026/01/weekly-initial-unemployment-claims.html,0.5320329449671188,42.84897494569321,Good
10 Thursday AM Reads,The Big Picture,https://ritholtz.com/2026/01/10-thursday-am-reads-479/,0.531288673029181,55.712733773326356,Good
Ollin’s drug clears retinal disease better than Roche’s Vabysmo in Phase 1b trial,Endpoints News,https://endpoints.news/ollins-drug-clears-retinal-disease-better-than-roches-vabysmo-in-phase-1b-trial/,0.5297530957146223,33.96831315464785,Good
Patch Cisco ISE bug now before attackers abuse proof-of-concept exploit,The Register,https://go.theregister.com/feed/www.theregister.com/2026/01/08/rcisco_ise_bug_poc/,0.5251368126701966,28.44251031594946,Good
Charles River CEO Jim Foster to retire; Samsung Bio buys a GSK factory,Endpoints News,https://endpoints.news/charles-river-ceo-jim-foster-to-retire-samsung-bio-buys-a-gsk-factory/,0.5246561036291106,46.2070848586468,Good
Albo takes over the economy,MacroBusiness,https://www.macrobusiness.com.au/2026/01/albo-takes-over-the-economy/,0.5234915268204027,60.066765630542264,Good
Microsoft Exchange Online outage blocks access to mailboxes via IMAP4,BleepingComputer,https://www.bleepingcomputer.com/news/microsoft/microsoft-exchange-online-outage-blocks-access-to-mailboxes-via-imap4/,0.5233862671841574,54.54318204039137,Good
"Yes, criminals are using AI to vibe-code malware",The Register,https://go.theregister.com/feed/www.theregister.com/2026/01/08/criminals_vibe_coding_malware/,0.5209067777169575,31.939382315460843,Good
There is a new sheriff in ARC Raiders town,Boing Boing,https://boingboing.net/2026/01/08/there-is-a-new-sheriff-in-arc-raiders-town.html,0.5185524192387383,40.80773546702288,Good
New indie shooter lets you hack the game for survival,Boing Boing,https://boingboing.net/2026/01/08/new-indie-shooter-lets-you-hack-the-game-for-survival.html,0.5180875971037026,27.970030086590345,Good
"Tessera Therapeutics to lay off 90 employees, according to document",Endpoints News,https://endpoints.news/tessera-therapeutics-to-lay-off-90-employees-according-to-document/,0.5148321021213033,46.034659304099755,Good
Asus ExpertCenter PN55 is a mini PC with up to Ryzen AI 9 HX 470,Liliputing,https://liliputing.com/asus-expertcenter-pn55-is-a-mini-pc-with-up-to-ryzen-ai-9-hx-470/,0.5027064348141589,40.4546479889646,Good
★ Let’s Call a Murder a Murder,Daring Fireball,https://daringfireball.net/2026/01/lets_call_a_murder_a_murder,0.5002798326601346,57.97202489817513,Good
Parabilis gets $305M to tackle ‘undruggable’ proteins,Endpoints News,https://endpoints.news/parabilis-gets-305m-to-tackle-undruggable-proteins/,0.49863878767734293,40.46840332188585,Maybe
Snapic A1 is a new 35mm film camera from Kodak,Boing Boing,https://boingboing.net/2026/01/08/snapic-a1-is-a-new-35mm-film-camera-from-kodak.html,0.4958497310864433,47.87981631172247,Maybe
Exploring the LEGO and micro:bit Expansion of MechDog,Explore all projects - Page 1 - Hackster.io,https://www.hackster.io/HiwonderRobot/exploring-the-lego-and-micro-bit-expansion-of-mechdog-2bf4ac,0.4955239371339871,42.11556604857956,Maybe
Top privacy token Zcash falls 14% after key developer team quits over governance clash,"CoinDesk: Bitcoin, Ethereum, Crypto News and Price Data",https://www.coindesk.com/tech/2026/01/08/zcash-developer-team-behind-ecc-quits-after-governance-clash-with-bootstrap-board,0.4889880699901241,43.851495306964324,Maybe
EverNitro is simplifying the process of crafting silky nitro coffee at CES 2026,TechCrunch,https://techcrunch.com/2026/01/08/evernitro-is-simplifying-the-process-of-crafting-silky-nitro-coffee-at-ces-2026/,0.47993704890811495,27.267301423625117,Maybe
"The Full-Sized 32-Wheeled, Articulated Bus Built for a 1976 Movie",Blog – Hackaday,https://hackaday.com/2026/01/08/the-full-sized-32-wheeled-articulated-bus-built-for-a-1976-movie/,0.4784913770410721,22.38285017206785,Maybe
"October's crypto crash left market makers stuffed with coins, slowing trading: BitMEX","CoinDesk: Bitcoin, Ethereum, Crypto News and Price Data",https://www.coindesk.com/markets/2026/01/08/october-s-crypto-crash-left-market-makers-stuffed-with-coins-slowing-trading-bitmex,0.4765428890358034,18.95593939253224,Maybe
Why this VC thinks 2026 will be ‘the year of the consumer’,TechCrunch,https://techcrunch.com/2026/01/08/why-this-vc-thinks-2026-will-be-the-year-of-the-consumer/,0.4753774622220737,39.74464032044436,Maybe
Texas court blocks Samsung from collecting smart TV viewing data,BleepingComputer,https://www.bleepingcomputer.com/news/security/texas-court-blocks-samsung-from-collecting-smart-tv-viewing-data/,0.47450194957231817,39.64039777609084,Maybe
Iran: Elite Paralysis and Systemic Decay,Geopolitical Futures,https://geopoliticalfutures.com/iran-elite-paralysis-and-systemic-decay/,0.47019467838805984,28.594792949302658,Maybe
Vol orders and discussion on option execution,moontower: a stoner dad explains options trading to his kids,https://moontower.substack.com/p/vol-orders-and-discussion-on-option,0.46707763367697686,25.457562274145815,Maybe
Minnesota officials say they're being blocked from investigating fatal ICE shooting,Boing Boing,https://boingboing.net/2026/01/08/minnesota-officials-say-theyre-being-blocked-from-investigating-fatal-ice-shooting.html,0.46496565752587676,53.860569871432176,Maybe
Florida revives push for bitcoin reserve with new 2026 bill,"CoinDesk: Bitcoin, Ethereum, Crypto News and Price Data",https://www.coindesk.com/policy/2026/01/08/florida-revives-push-for-bitcoin-reserve-with-new-2026-bill,0.4644339101324544,28.405971620192254,Maybe
A College Can’t Be Neutral. But Why Not Try?,RSSOpinion,https://www.wsj.com/opinion/a-college-cant-be-neutral-but-why-not-try-ideology-activism-30160fb6,0.4632857580163538,26.422326384351752,Maybe
Stem Cell-Derived Neurons Navigate to Form Connections in the Injured Brain,GEN – Genetic Engineering and Biotechnology News,https://www.genengnews.com/topics/translational-medicine/stem-cell-derived-neurons-navigate-to-form-connections-in-the-injured-brain/,0.46036242174197517,38.017038619387804,Maybe
5 Expat Doctors: The Realities of Practicing Far From Home,Medscape Medical News Headlines,https://www.medscape.com/viewarticle/expat-doctors-realities-practicing-far-home-2026a10000l4?src=rss,0.4579145896681232,51.60409178046313,Maybe
Microsoft to enforce MFA for Microsoft 365 admin center sign-ins,BleepingComputer,https://www.bleepingcomputer.com/news/microsoft/microsoft-to-enforce-mfa-for-microsoft-365-admin-center-sign-ins/,0.4576509391710639,45.348182142141,Maybe
Cursorless: Voice coding at the speed of thought,Lobsters,https://www.cursorless.org/,0.4559402377569521,32.49179765742882,Maybe
Ransomware attacks kept climbing in 2025 as gangs refused to stay dead,The Register,https://go.theregister.com/feed/www.theregister.com/2026/01/08/ransomware_2025_emsisoft/,0.4525429766860399,30.262110446350984,Maybe
"New comment by ktg0215 in ""Bose is open-sourcing its old smart speakers instead of bricking them""",Hacker News: Best Comments,https://news.ycombinator.com/item?id=46542100,0.45175637467781415,25.37161583848153,Maybe
"New comment by filoleg in ""Bose is open-sourcing its old smart speakers instead of bricking them""",Hacker News: Best Comments,https://news.ycombinator.com/item?id=46545145,0.45175637467781415,25.37161583848152,Maybe
BNB falls below $885 as broader market pulls back and treasury tensions emerge,"CoinDesk: Bitcoin, Ethereum, Crypto News and Price Data",https://www.coindesk.com/markets/2026/01/08/bnb-falls-below-usd885-as-broader-market-pulls-back-and-treasury-tensions-emerge,0.45141820062765714,38.20874903211592,Maybe
An Interview with Jeremie Eliahou Ontiveros and Ajey Pandey About Building Power for AI,Stratechery by Ben Thompson,https://stratechery.com/2026/an-interview-with-jeremie-eliahou-ontiveros-and-ajey-pandey-about-building-power-for-ai/,0.4505299999948983,21.59061521159305,Maybe
What Does Xi Think About the Maduro Raid?,RSSOpinion,https://www.wsj.com/opinion/what-does-xi-think-about-the-maduro-raid-china-us-washington-venezuela-5c658011,0.45010899297726403,34.00127444479577,Maybe
Maximum-severity n8n flaw lets randos run your automation server,The Register,https://go.theregister.com/feed/www.theregister.com/2026/01/08/n8n_rce_bug/,0.4491924753770955,20.72985011953916,Maybe
GTMfund has rewritten the distribution playbook for the AI era,TechCrunch,https://techcrunch.com/2026/01/08/gtmfund-has-rewritten-the-distribution-playbook-for-the-ai-era/,0.4483523291092175,23.357712841789073,Maybe
Seasonal Switch 2 sales show significant slowing as annual cycle sunsets,Gaming - Ars Technica,https://arstechnica.com/gaming/2026/01/seasonal-switch-2-sales-show-significant-slowing-as-annual-cycle-sunsets/,0.44686618683124796,35.11904053723647,Maybe
"New comment by jeffwask in ""Bose is open-sourcing its old smart speakers instead of bricking them""",Hacker News: Best Comments,https://news.ycombinator.com/item?id=46542347,0.4464313163953711,24.859316827323557,Maybe
Tokenized Brazilian credit card debt offers 13% yield through BlackOpal's GemStone platform,"CoinDesk: Bitcoin, Ethereum, Crypto News and Price Data",https://www.coindesk.com/business/2026/01/08/tokenized-brazilian-credit-card-debt-offers-13-yield-through-blackopal-s-gemstone-platform,0.446313425476504,19.775819966737078,Maybe
"It’s Not a Leica, It’s a Lumix",Blog – Hackaday,https://hackaday.com/2026/01/08/its-not-a-leica-its-a-lumix/,0.44466286943251493,30.419949478333006,Maybe
"New comment by dspillett in ""Bose is open-sourcing its old smart speakers instead of bricking them""",Hacker News: Best Comments,https://news.ycombinator.com/item?id=46542580,0.44111852295896115,24.356969814497468,Maybe
ASRock introduces NUC Ultra 300 BOX mini PCs with Intel Panther Lake,Liliputing,https://liliputing.com/asrock-introduces-nuc-ultra-300-box-mini-pcs-with-intel-panther-lake/,0.4364678419330518,46.33912672297883,Maybe
"Texas court blocks Samsung from tracking TV viewing, then vacates order",BleepingComputer,https://www.bleepingcomputer.com/news/security/texas-court-blocks-samsung-from-tracking-tv-viewing-then-vacates-order/,0.4360421792050304,38.40817136403357,Maybe
I watched LG’s new home robot CLOid do laundry but I have questions,TechCrunch,https://techcrunch.com/2026/01/08/i-watched-lgs-new-home-robot-cloid-do-laundry-but-i-have-questions/,0.43458854915592043,38.55256403347592,Maybe
Is Inflammation the Key to Women’s Heart Health?,Medscape Medical News Headlines,https://www.medscape.com/viewarticle/smurf-less-inflamed-inflammation-key-womens-heart-health-2026a10000lu?src=rss,0.43267302959346565,29.65561497390247,Maybe
JPMorgan says the crypto selloff may be nearing a bottom as ETF outflows ease,"CoinDesk: Bitcoin, Ethereum, Crypto News and Price Data",https://www.coindesk.com/markets/2026/01/08/jpmorgan-says-the-crypto-selloff-may-be-nearing-a-bottom-as-etf-outflows-ease,0.4296509003796702,33.245907718363405,Maybe
It Profits Us to Replace the U.S. Welfare State,RSSOpinion,https://www.wsj.com/opinion/it-profits-us-to-replace-the-u-s-welfare-state-nonprofits-50d52196,0.4249697437421931,35.710907733941575,Maybe
"Gmail debuts a personalized AI Inbox, AI Overviews in search, and more",TechCrunch,https://techcrunch.com/2026/01/08/gmail-debuts-a-personalized-ai-inbox-ai-overviews-in-search-and-more/,0.42472197333869677,25.735906675710137,Maybe
Inside Doctronic's experiment to allow AI to refill prescriptions,Endpoints News,https://endpoints.news/inside-doctronics-experiment-to-allow-ai-to-refill-prescriptions/,0.4227576375786311,23.436495464329735,Maybe
OpenAI to acquire the team behind executive coaching AI tool Convogo,TechCrunch,https://techcrunch.com/2026/01/08/openai-to-acquire-the-team-behind-executive-coaching-ai-tool-convogo/,0.41971312501826386,22.870370860781218,Maybe
"Weight Regain, Health Benefit Loss Rapid When GLP-1s Stopped",Medscape Medical News Headlines,https://www.medscape.com/viewarticle/weight-regain-health-benefit-loss-rapid-when-glp-1s-stopped-2026a10000kr?src=rss,0.4184818983607424,27.111766486657842,Maybe
Ultimate camouflage tech mimics octopus in scientific first,The Register,https://go.theregister.com/feed/www.theregister.com/2026/01/08/camouflage_tech_mimics_octopus/,0.41709624302829806,31.39411133983163,Maybe
A PA’s Guide to Malpractice and Liability,Medscape Medical News Headlines,https://www.medscape.com/viewarticle/protect-your-practice-pas-guide-malpractice-and-liability-2026a10000l5?src=rss,0.41226817019447615,25.625914180755263,Maybe
Exercise Matches Therapy in Easing Depression Symptoms,Medscape Medical News Headlines,https://www.medscape.com/viewarticle/exercise-matches-therapy-easing-depression-symptoms-2026a10000nb?src=rss,0.40974616714721046,26.16928052368786,Maybe
Family History Strongly Tied to Primary Hyperparathyroidism,Medscape Medical News Headlines,https://www.medscape.com/viewarticle/family-history-strongly-tied-primary-hyperparathyroidism-2026a10000l0?src=rss,0.40945348866223596,33.503262732601044,Maybe
Electric Snowblower Clears the Way With Hobby Parts,Blog – Hackaday,https://hackaday.com/2026/01/08/electric-snowblower-clears-the-way-with-hobby-parts/,0.39989689385785226,19.81806399262567,Maybe
Zcash governance clash tanked the token. Here's why it may not be as big as it seems.,"CoinDesk: Bitcoin, Ethereum, Crypto News and Price Data",https://www.coindesk.com/business/2026/01/08/zcash-governance-dispute-may-not-be-as-big-as-it-seems,0.39872350308761684,33.83259740980112,Maybe
When the vice president blesses the killing,Boing Boing,https://boingboing.net/2026/01/08/when-the-vice-president-blesses-the-killing.html,0.39863644340312754,52.499008278696934,Maybe
New Lilly data suggest Zepbound boosted effect of autoimmune drug,Endpoints News,https://endpoints.news/new-lilly-data-suggest-zepbound-boosted-effect-of-autoimmune-drug/,0.39746061056703796,22.496052922028614,Maybe
Optimism proposes OP token buybacks using 50% of superchain revenue,"CoinDesk: Bitcoin, Ethereum, Crypto News and Price Data",https://www.coindesk.com/business/2026/01/08/optimism-proposes-op-token-buybacks-using-50-of-superchain-revenue,0.3960707964346102,27.705972462437106,Maybe
"Ethereum scaling network Polygon close to buying bitcoin kiosk firm Coinme, sources say","CoinDesk: Bitcoin, Ethereum, Crypto News and Price Data",https://www.coindesk.com/business/2026/01/08/ethereum-scaling-network-polygon-close-to-buying-bitcoin-kiosk-firm-coinme-sources-say,0.39598348362480285,26.53048843348773,Maybe
"Hands-on with a prototype of Clicks’ Communicator, a new BlackBerry-like smartphone",TechCrunch,https://techcrunch.com/2026/01/08/hands-on-with-a-prototype-of-clicks-communicator-a-new-blackberry-like-smartphone/,0.3939480452893119,19.22784967514412,Maybe
Can Iran Hold the Line Against Its Protesters?,RSSOpinion,https://www.wsj.com/opinion/can-iran-hold-the-line-against-its-protesters-4268c907,0.39372992595835427,29.779843629322148,Maybe
Inside the Battle for the Future of Addiction Medicine,Medscape Medical News Headlines,https://www.medscape.com/s/viewarticle/inside-battle-future-addiction-medicine-2026a10000lr?src=rss,0.3937142480257798,36.79608398375326,Maybe
"FDA staff cuts mostly didn't impact new drug review timelines, analysis finds",Endpoints News,https://endpoints.news/fda-staff-cuts-mostly-didnt-impact-new-drug-review-timelines-analysis-finds/,0.3932534921934014,25.780040156129218,Maybe
Bank of America upgrades Coinbase to 'buy' as exchange moves beyond crypto,"CoinDesk: Bitcoin, Ethereum, Crypto News and Price Data",https://www.coindesk.com/markets/2026/01/08/bank-of-america-upgrades-coinbase-to-buy-as-exchange-moves-beyond-crypto,0.39235635326566876,28.983728790104514,Maybe
Synaffix and Sidewinder Agree to Advance Next-Generation Bispecific ADC Development,GEN – Genetic Engineering and Biotechnology News,https://www.genengnews.com/topics/bioprocessing/synaffix-and-sidewinder-agree-to-advance-next-generation-bispecific-adc-development/,0.392100119021501,21.724688771888967,Maybe
Bybit’s Private Wealth Management delivered 20% returns amid a challenging 2025,"CoinDesk: Bitcoin, Ethereum, Crypto News and Price Data",https://www.coindesk.com/business/2026/01/08/bybit-s-private-wealth-management-service-delivered-20-returns-despite-challenging-2025,0.38849219320735995,31.277167456311094,Maybe
Where are the pardoned January 6ers now? How many have been charged with child sex crimes?,Boing Boing,https://boingboing.net/2026/01/08/where-are-the-pardoned-january-6ers-now-how-many-have-been-charged-with-child-sex-crimes.html,0.38554753160492344,22.532670574997525,Maybe
Diagonal Therapeutics secures $125M in Series B co-led by Sanofi Ventures,Endpoints News,https://endpoints.news/diagonal-therapeutics-secures-125m-in-oversubscribed-series-b-co-led-by-sanofi-ventures/,0.3811144204821896,31.908918817472852,Maybe
The Senate suddenly remembers war powers,Boing Boing,https://boingboing.net/2026/01/08/the-senate-suddenly-remembers-war-powers.html,0.3766668070983349,25.51602861184484,Maybe
"DHS calls slain US citizen a ""domestic terrorist""",Boing Boing,https://boingboing.net/2026/01/08/dhs-calls-slain-us-citizen-a-domestic-terrorist.html,0.37579340033249936,30.690784993105797,Maybe
VMware ESXi zero-days likely exploited a year before disclosure,BleepingComputer,https://www.bleepingcomputer.com/news/security/vmware-esxi-zero-days-likely-exploited-a-year-before-disclosure/,0.3751603295796114,23.784468234643768,Maybe
"New comment by yoaviram in ""ChatGPT Health""",Hacker News: Best Comments,https://news.ycombinator.com/item?id=46541593,0.37465056648171297,17.06903908623453,Maybe
Anduril’s Palmer Luckey thinks the future of tech is in the past,TechCrunch,https://techcrunch.com/2026/01/08/andurils-palmer-luckey-thinks-the-future-of-tech-is-in-the-past/,0.36966372515221413,37.37939886503589,Maybe
Does Schizophrenia Care Differ by Provider Type?,Medscape Medical News Headlines,https://www.medscape.com/viewarticle/does-schizophrenia-care-differ-provider-type-2026a10000lb?src=rss,0.36717738057035165,25.406680210556203,Maybe
Obesity Affects Reliability of Pediatric Asthma Scores,Medscape Medical News Headlines,https://www.medscape.com/viewarticle/obesity-affects-reliability-pediatric-asthma-scores-2026a10000ld?src=rss,0.36431576512955177,19.775428573966078,Maybe
Diagonal banks another $125M for ‘clustering’ antibody drugs,BioPharma Dive - Latest News,https://www.biopharmadive.com/news/diagonal-series-b-clustering-antibodies-hereditary-hemorrhagic-telangiectasia-pah/809012/,0.3642246647259066,28.578147391973243,Maybe
Missed Ethereum (ETH) at $100? Analysts See 750% Upside in This New Crypto,HackerNoon,https://hackernoon.com/missed-ethereum-eth-at-$100-analysts-see-750percent-upside-in-this-new-crypto?source=rss,0.36420910455024624,14.971905337550696,Maybe
Go-to-market strategies for an AI era,TechCrunch,https://techcrunch.com/video/go-to-market-strategies-for-an-ai-era/,0.3637626481890298,16.270835355178313,Maybe
"Memecoins, DeFi lead declines as caution seeps in: Crypto Daybook Americas","CoinDesk: Bitcoin, Ethereum, Crypto News and Price Data",https://www.coindesk.com/daybook-us/2026/01/08/memecoins-defi-lead-declines-as-caution-seeps-in-crypto-daybook-americas,0.36311598487184316,16.32360770201197,Maybe
Former NIH Director Eric Green to join Illumina as chief medical officer,Endpoints News,https://endpoints.news/former-nih-director-eric-green-to-join-illumina-as-chief-medical-officer/,0.35476549094472176,25.471471778881767,Maybe
Polygon Labs unveils ‘Open Money Stack’ to power borderless stablecoin payments,"CoinDesk: Bitcoin, Ethereum, Crypto News and Price Data",https://www.coindesk.com/business/2026/01/08/polygon-labs-unveils-open-money-stack-to-power-borderless-stablecoin-payments,0.3518119347510931,25.430498330513675,Maybe
Pay and pray: Nvidia reportedly wants money up front for Chinese H200 orders,The Register,https://go.theregister.com/feed/www.theregister.com/2026/01/08/nvidia_h200_china/,0.35151599879863565,26.444884924604004,Maybe
Sanofi calls rejection of potential MS blockbuster 'unexpected',Endpoints News,https://endpoints.news/sanofi-calls-rejection-of-potential-ms-blockbuster-unexpected/,0.3510112855676155,25.34826133848987,Maybe
ChatGPT Health wants your sensitive medical records so it can play doctor,The Register,https://go.theregister.com/feed/www.theregister.com/2026/01/08/chatgpt_health_access_medical_records/,0.3482162397094181,23.69081642168363,Maybe
Charles Fuchs leaves Roche to steer ADC pipeline at Tubulis shortly after $401M Series C,Endpoints News,https://endpoints.news/charles-fuchs-leaves-roche-to-steer-adc-pipeline-at-tubulis-shortly-after-401m-series-c/,0.347051755862792,32.85861035831413,Maybe
FDA drug and biologic approvals list 2025: Sign-offs dip during agency upheaval,Endpoints News,https://endpoints.news/fda-drug-and-biologic-approvals-list-2025-sign-offs-dip-during-agency-upheaval/,0.3421278759749017,22.795498099302105,Maybe
Bitcoin's market rhymes as identical November lows create familiar January setup,"CoinDesk: Bitcoin, Ethereum, Crypto News and Price Data",https://www.coindesk.com/markets/2026/01/08/bitcoin-s-market-rhymes-as-identical-november-lows-create-familiar-january-setup,0.34013914394206257,18.49775023753119,Maybe
Crypto for Advisors: 2026: Crypto and Beyond,"CoinDesk: Bitcoin, Ethereum, Crypto News and Price Data",https://www.coindesk.com/coindesk-indices/2026/01/07/crypto-for-advisors-2026-crypto-and-beyond,0.33845712560371133,17.405500268170453,Maybe
Notable & Quotable: Working Families Party,RSSOpinion,https://www.wsj.com/opinion/notable-quotable-working-families-party-55ea7bb4,0.3380583033228432,40.60500460416738,Maybe
"Stand With Crypto advocacy group sees nearly 700,000 new members ahead of 2026 election","CoinDesk: Bitcoin, Ethereum, Crypto News and Price Data",https://www.coindesk.com/policy/2026/01/08/stand-with-crypto-advocacy-group-sees-nearly-700-000-new-members-ahead-of-2026-election,0.33327530941752226,24.249874883425107,Maybe
Deregulating the rapidly evolving digital health industry,Endpoints News,https://endpoints.news/deregulating-the-rapidly-evolving-digital-health-industry/,0.33161547427186483,17.890824403531667,Maybe
"Bitcoin falls below $90,000 as altcoins slide in thin trading: Crypto Markets Today","CoinDesk: Bitcoin, Ethereum, Crypto News and Price Data",https://www.coindesk.com/markets/2026/01/08/bitcoin-falls-to-usd90-000-as-altcoins-slide-in-thin-trading-crypto-markets-today,0.3313926777322857,18.511521336782916,Maybe
From “What’s a String?” to Sites of the Day: Nathan Dallaire’s High-End Web Experiences,Codrops,https://tympanus.net/codrops/2026/01/08/from-whats-a-string-to-sites-of-the-day-nathan-dallaires-high-end-web-experiences/,0.3289454123871564,18.133694467456888,Maybe
Acupressure on Outer Ear Improves Sleep in Dyspepsia,Medscape Medical News Headlines,https://www.medscape.com/viewarticle/acupressure-outer-ear-improves-sleep-patients-functional-2026a10000kz?src=rss,0.3283120753261976,27.99754869798066,Maybe
Tim Walz Can’t Stop Fumbling,RSSOpinion,https://www.wsj.com/opinion/tim-walz-cant-stop-fumbling-c6362a0c,0.326349904704845,40.59952229180396,Maybe
Nvidia’s reportedly asking Chinese customers to pay upfront for its H200 AI chips,TechCrunch,https://techcrunch.com/2026/01/08/nvidias-reportedly-asking-chinese-customers-to-pay-upfront-its-for-h200-ai-chips/,0.31941151884795216,18.068821487540838,Maybe
"Bitnomial wins U.S. regulator's nod on prediction markets push, joins growing crowd","CoinDesk: Bitcoin, Ethereum, Crypto News and Price Data",https://www.coindesk.com/policy/2026/01/08/bitnomial-wins-u-s-regulator-s-nod-on-prediction-markets-push-joins-growing-crowd,0.31678699859423126,20.058928253380813,Maybe
How to Fix Dysfunctional Leadership Teams and Why It's Important to Do So,HackerNoon,https://hackernoon.com/how-to-fix-dysfunctional-leadership-teams-and-why-its-important-to-do-so?source=rss,0.3089312346512127,22.222802922467547,Maybe
‘Deeply undervalued’ bitcoin faces continued bear market with no clear upside catalyst,"CoinDesk: Bitcoin, Ethereum, Crypto News and Price Data",https://www.coindesk.com/markets/2026/01/08/bitcoin-may-be-in-for-a-more-boring-but-nevertheless-positive-year,0.3047191798680095,19.271937475488294,Maybe
MS Marks Significant Milestone as ADGM-Licensed Company Service Provider,HackerNoon,https://hackernoon.com/ms-marks-significant-milestone-as-adgm-licensed-company-service-provider?source=rss,0.3044517550728517,22.38932868098241,Maybe
Putting the US AI boom(let) in perspective,FT Alphaville,https://www.ft.com/content/918fbc46-56a9-4225-b2cd-77fb4a532218,0.3012875370653085,19.997884112194086,Maybe
OpenAI launches ChatGPT Health to review your medical records,BBC News,https://www.bbc.com/news/articles/cpqy29d0yjgo?at_medium=RSS&at_campaign=rss,0.30052082143184294,20.657171846366328,Maybe
BNB treasury strategy sparks governance battle at CEA Industries,"CoinDesk: Bitcoin, Ethereum, Crypto News and Price Data",https://www.coindesk.com/business/2026/01/08/bnb-treasury-strategy-sparks-governance-battle-at-cea-industries,0.29091567107139643,30.13868398374733,Skip
"Digital assets to move from speculation to infrastructure in 2026, B. Riley says","CoinDesk: Bitcoin, Ethereum, Crypto News and Price Data",https://www.coindesk.com/markets/2026/01/08/digital-assets-to-move-from-speculation-to-infrastructure-in-2026-b-riley-says,0.2888136566707532,23.34675662161457,Skip
Finger-Prick Blood Test Shows Promise for Early AD Detection,Medscape Medical News Headlines,https://www.medscape.com/viewarticle/finger-prick-blood-test-shows-promise-early-ad-detection-2026a10000lj?src=rss,0.280447376358764,17.781507992283327,Skip
Trump spectrum sale leaves airlines with $4.5B bill for altimeter do-over,The Register,https://go.theregister.com/feed/www.theregister.com/2026/01/08/airlines_face_another_altimeter_upgrade/,0.2801507851210628,32.34505089201122,Skip
Six for 2026: The cyber threats you can’t ignore,BleepingComputer,https://www.bleepingcomputer.com/news/security/six-for-2026-the-cyber-threats-you-cant-ignore/,0.27776799153993154,27.448079596528828,Skip
"Why The ""Missing Middle"" Is The Biggest Untapped Opportunity in 2026",HackerNoon,https://hackernoon.com/why-the-missing-middle-is-the-biggest-untapped-opportunity-in-2026?source=rss,0.27121705245093636,29.351812745209024,Skip
Daily Memo: Details of US Plan for Israeli-Syrian Border,Geopolitical Futures,https://geopoliticalfutures.com/daily-memo-details-of-us-plan-for-israeli-syrian-border/,0.2656192360317816,19.157165007006377,Skip
Some Things I've Learned About Software,Lobsters,https://www.youtube.com/watch?v=RJgDW2AERr8,0.262643959222327,8.819157645189927,Skip
"Elon Musk's Grok AI appears to have made child sexual imagery, says charity",BBC News,https://www.bbc.com/news/articles/cvg1mzlryxeo?at_medium=RSS&at_campaign=rss,0.259587098576229,36.9004584441177,Skip
ISS spacewalk postponed over mystery astronaut malady,The Register,https://go.theregister.com/feed/www.theregister.com/2026/01/08/iss_spacewalk_postponed/,0.2555023009853287,21.759536745322443,Skip
Cisco switches hit by reboot loops due to DNS client bug,BleepingComputer,https://www.bleepingcomputer.com/news/security/cisco-switches-hit-by-reboot-loops-due-to-dns-client-bug/,0.24767975296158937,32.154714562461535,Skip
Former Bolt CEO Maju Kuruvilla’s startup triples to $100M valuation,TechCrunch,https://techcrunch.com/2026/01/08/former-bolt-ceo-maju-kuruvillas-startup-triples-to-100m-valuation/,0.24598125108716284,24.472421978417344,Skip
"JPMorgan expands blockchain goals, plans to build ‘interoperable digital money’","CoinDesk: Bitcoin, Ethereum, Crypto News and Price Data",https://www.coindesk.com/business/2026/01/08/interoperable-digital-money-jpmorgan-expands-blockchain-plans,0.23670315795770097,17.257903744176044,Skip
Internet collapses in Iran amid protests over economic crisis,TechCrunch,https://techcrunch.com/2026/01/08/internet-collapses-in-iran-amid-protests-over-economic-crisis/,0.22718803041815694,20.916955217756385,Skip
"How can we teach about AI in the arts, humanities and sciences? Research seminar series 2026",Raspberry Pi Foundation,https://www.raspberrypi.org/blog/how-can-we-teach-about-ai-in-the-arts-humanities-and-sciences-research-seminar-series-2026/,0.21938730545519516,12.14280312439815,Skip
Snowflake announces its intent to buy observability platform Observe,TechCrunch,https://techcrunch.com/2026/01/08/snowflake-announces-its-intent-to-buy-observability-platform-observe/,0.20683175961310307,17.764439546934405,Skip
The Time Clock Has Stood the Test of Time,Blog – Hackaday,https://hackaday.com/2026/01/08/the-time-clock-has-stood-the-test-of-time/,0.20136120904410823,15.346269029559737,Skip
ChatGPT Health lets you connect medical records to an AI that makes things up,Biz & IT - Ars Technica,https://arstechnica.com/ai/2026/01/chatgpt-health-lets-you-connect-medical-records-to-an-ai-that-makes-things-up/,0.1947796098076036,15.838297902706191,Skip
Secretive Rampart Bioscience closes after pursuing non-viral gene therapy,Endpoints News,https://endpoints.news/secretive-rampart-bioscience-closes-after-pursuing-non-viral-gene-therapy/,0.18591357618200646,14.781741781210945,Skip
ChatGPT falls to new data-pilfering attack as a vicious cycle in AI continues,Biz & IT - Ars Technica,https://arstechnica.com/security/2026/01/chatgpt-falls-to-new-data-pilfering-attack-as-a-vicious-cycle-in-ai-continues/,0.18585091613388513,13.297308077520379,Skip
Linus Torvalds: Stop making an issue out of AI slop in kernel docs – you're not changing anybody's mind,The Register,https://go.theregister.com/feed/www.theregister.com/2026/01/08/linus_versus_llms_ai_slop_docs/,0.1598240342926638,19.08529885069546,Skip
How Orbs Is Bringing Professional Perpetuals Trading to Monad Without Custom Infrastructure,HackerNoon,https://hackernoon.com/how-orbs-is-bringing-professional-perpetuals-trading-to-monad-without-custom-infrastructure?source=rss,0.15881767309675707,12.749864340176748,Skip
Why Pepeto Outshines Trump Coin: Meme Coin Winners and Losers in 2026,HackerNoon,https://hackernoon.com/why-pepeto-outshines-trump-coin-meme-coin-winners-and-losers-in-2026?source=rss,0.13800217977628285,19.326357120093636,Skip
Elon Musk’s lawsuit against OpenAI will face a jury in March,TechCrunch,https://techcrunch.com/2026/01/08/elon-musks-lawsuit-against-openai-will-face-a-jury-in-march/,0.10799861714125306,23.96441914804831,Skip
